"Path","Platform","Compiled","Cooked","Permutations","Compiletime","CompiledDouble","CookedDouble"
"/Engine/EngineMaterials/Widget3DPassThrough.Widget3DPassThrough","0","69","74","6","38.716660","0","0"
"/Paper2D/DefaultSpriteMaterial.DefaultSpriteMaterial","0","56","62","2","45.446968","0","0"
"Globals","0","2883","0","1","0.000000","0","0"
"/Engine/EngineMaterials/PhAT_JointLimitMaterial.PhAT_JointLimitMaterial","0","15","16","1","5.360032","0","0"
"/Engine/EngineMaterials/GizmoMaterial.GizmoMaterial","0","7","8","1","2.272240","0","0"
"/Engine/EngineMaterials/M_InvalidLightmapSettings.M_InvalidLightmapSettings","0","24","24","1","9.418636","0","0"
"/Engine/EngineMaterials/EmissiveMeshMaterial.EmissiveMeshMaterial","0","10","10","1","3.099543","0","0"
"/Engine/EngineDebugMaterials/DebugMeshMaterial.DebugMeshMaterial","0","10","10","1","3.443313","0","0"
"/Engine/EngineMaterials/RemoveSurfaceMaterial.RemoveSurfaceMaterial","0","2","2","1","0.655373","0","0"
"/OculusVR/Materials/OculusMR_OpaqueColoredMaterial.OculusMR_OpaqueColoredMaterial","0","2","2","1","0.796189","0","0"
"/OculusVR/Materials/OculusMR_ChromaKey.OculusMR_ChromaKey","0","8","8","1","3.659324","0","0"
"/Engine/EngineDebugMaterials/M_VolumeRenderSphereTracePP.M_VolumeRenderSphereTracePP","0","4","4","1","3.580724","0","0"
"/SpeedTreeImporter/SpeedTree9/SpeedTreeBillboardMaster.SpeedTreeBillboardMaster","0","66","70","1","60.641922","0","0"
"/SpeedTreeImporter/SpeedTree9/SpeedTreeMaster.SpeedTreeMaster","0","92","96","1","65.596085","0","0"
"/Engine/EngineDebugMaterials/WireframeMaterial.WireframeMaterial","0","613","667","1","390.915588","0","0"
"/Engine/EngineDebugMaterials/VertexColorMaterial.VertexColorMaterial","0","102","108","1","48.206310","0","0"
"/Engine/EngineMaterials/DefaultMaterial.DefaultMaterial","0","135","135","1","215.648911","0","0"
"/Engine/ArtTools/RenderToTexture/Materials/Debug/M_Emissive_Color.M_Emissive_Color","0","2","2","1","1.333750","0","0"
"/OculusVR/Materials/PokeAHoleMaterial.PokeAHoleMaterial","0","8","8","1","5.823902","0","0"
"/Engine/EngineDebugMaterials/M_SimpleUnlitTranslucent.M_SimpleUnlitTranslucent","0","8","8","1","3.935197","0","0"
"/Engine/EditorMaterials/Camera/CineMat.CineMat","0","24","24","1","23.458206","0","0"
"/Engine/VREditor/TransformGizmo/TranslucentTransformGizmoMaterial.TranslucentTransformGizmoMaterial","0","8","8","1","3.598341","0","0"
"/Engine/VREditor/TransformGizmo/TransformGizmoMaterial.TransformGizmoMaterial","0","2","2","1","0.583254","0","0"
"/Engine/VREditor/TransformGizmo/Xray.Xray","0","12","12","1","4.197271","0","0"
"/Engine/VREditor/TransformGizmo/Main.Main","0","8","8","1","4.364830","0","0"
"/Engine/EngineMaterials/BaseFlattenMaterial.BaseFlattenMaterial","0","49","52","1","17.096142","0","0"
"/Engine/EngineSky/VolumetricClouds/m_SimpleVolumetricCloud.m_SimpleVolumetricCloud","0","44","44","1","49.848328","0","0"
"/Engine/EngineMaterials/DefaultPostProcessMaterial.DefaultPostProcessMaterial","0","8","8","1","1.824996","0","0"
"/Engine/EngineMaterials/DefaultLightFunctionMaterial.DefaultLightFunctionMaterial","0","17","17","1","3.487141","0","0"
"/Engine/EngineMaterials/DefaultDeferredDecalMaterial.DefaultDeferredDecalMaterial","0","145","145","1","58.858250","0","0"
"/Engine/EngineMaterials/WorldGridMaterial.WorldGridMaterial","0","934","961","1","292.898407","0","0"
"/Engine/EngineMaterials/DefaultTextMaterialOpaque.DefaultTextMaterialOpaque","0","33","35","1","11.809135","0","0"
"","0","1","0","1","0.000000","131","0"
"/Game/CC_Shaders/SkinShader/RL_HQSkin.RL_HQSkin","0","417","441","3","194.143280","0","735"
"/Game/CC_Shaders/GumsTongueTeethShader/RL_GumsTongueTeeth.RL_GumsTongueTeeth","0","171","171","3","133.468384","0","228"
"/Game/CC_Shaders/StandardShader/RL_Standard.RL_Standard","0","2319","2319","7","2230.396729","0","1962"
"/Game/CC_Shaders/HairShader/RL_Hair.RL_Hair","0","1504","1600","8","1348.642090","0","400"
"/Game/BP/UI/UI_Assets/DamageMaterial.DamageMaterial","0","30","30","2","8.630619","0","0"
"/Game/Mannequin/Character/Materials/M_UE4Man_Body.M_UE4Man_Body","0","208","226","2","69.796837","0","0"
"/Game/ACSU_ATLUS/Materials/PoliceSkin/Legs/M_ACSU_Atlus_PoliceSkin_Legs.M_ACSU_Atlus_PoliceSkin_Legs","0","72","72","2","34.777809","0","0"
"/Game/ACSU_ATLUS/Materials/PoliceSkin/Head/M_ACSU_Atlus_PoliceSkin_Head.M_ACSU_Atlus_PoliceSkin_Head","0","72","72","2","29.034534","0","0"
"/Game/ACSU_ATLUS/Materials/PoliceSkin/Hands/M_ACSU_Atlus_PoliceSkin_Hands.M_ACSU_Atlus_PoliceSkin_Hands","0","72","72","2","31.802135","0","0"
"/Game/ACSU_ATLUS/Materials/PoliceSkin/Front/M_ACSU_Atlus_PoliceSkin_Front.M_ACSU_Atlus_PoliceSkin_Front","0","72","72","2","34.755173","0","0"
"/Game/ACSU_ATLUS/Materials/PoliceSkin/Body/M_ACSU_Atlus_PoliceSkin_Body.M_ACSU_Atlus_PoliceSkin_Body","0","72","72","2","29.469593","0","0"
"/Game/ACSU_ATLUS/Materials/PoliceSkin/Root/M_ACSU_Atlus_PoliceSkin_Root.M_ACSU_Atlus_PoliceSkin_Root","0","72","72","2","32.542862","0","0"
"/Game/ACSU_ATLUS/Materials/PoliceSkin/Louncher/M_ACSU_Atlus_PoliceSkin_Louncher.M_ACSU_Atlus_PoliceSkin_Louncher","0","72","72","2","31.269379","0","0"
"/Engine/Tutorial/SubEditors/TutorialAssets/TutorialMaterial.TutorialMaterial","0","12","12","1","7.476424","0","0"
"/Game/BP/UI/Minimap/Minimap_Material.Minimap_Material","0","9","9","1","2.481962","0","0"
"/Game/BP/UI/Reticle/MUI_Reticle.MUI_Reticle","0","28","30","1","21.322252","0","0"
"/Game/StarterContentMin/Materials/M_Metal_Copper.M_Metal_Copper","0","45","45","1","23.581991","0","0"
"/Game/Materials/M_ColorUnlit.M_ColorUnlit","0","8","8","1","4.342442","0","0"
"/Game/GunImpactParticles/Materials/Metal/M_Sparkles.M_Sparkles","0","16","16","1","9.432138","0","0"
"/Game/GunImpactParticles/Materials/Dirt/M_Smoke.M_Smoke","0","16","16","1","9.224804","0","0"
"/Game/GunImpactParticles/Materials/Dirt/M_DustDebris.M_DustDebris","0","56","56","1","42.137829","0","0"
"/Game/GunImpactParticles/Materials/Dirt/M_Chunks.M_Chunks","0","56","56","1","41.021931","0","0"
"/Game/GunImpactParticles/Materials/Dirt/M_DustBurst.M_DustBurst","0","56","56","1","42.945442","0","0"
"/Game/GunImpactParticles/Materials/Dirt/M_DustCloud.M_DustCloud","0","56","56","1","44.758163","0","0"
"/Game/Particles/BulletShell/M_BulletShell.M_BulletShell","0","84","84","1","62.208172","0","0"
"/Game/WeaponPack/MuzzleFlashPack/Materials/M_AssaultRifle_MuzzleFlash_4x1.M_AssaultRifle_MuzzleFlash_4x1","0","32","32","1","15.334402","0","0"
"/Game/WeaponPack/MuzzleFlashPack/Materials/M_Glow_3.M_Glow_3","0","48","48","1","24.000175","0","0"
"/Game/WeaponPack/MuzzleFlashPack/Materials/M_Smoke_8x8_B_01.M_Smoke_8x8_B_01","0","112","112","1","120.799057","0","0"
"/Game/WeaponPack/MuzzleFlashPack/Materials/M_Distortion_2.M_Distortion_2","0","120","120","1","101.039772","0","0"
"/Niagara/DefaultAssets/DefaultRIbbonMaterial.DefaultRibbonMaterial","0","40","40","1","27.599159","0","0"
"/Game/GunImpactParticles/Materials/Wood/M_Chunks2.M_Chunks2","0","56","56","1","51.072113","0","0"
"/Game/GunImpactParticles/Materials/Blood/M_Blood.M_Blood","0","56","56","1","38.970249","0","0"
"/Game/GunImpactParticles/Materials/Water/M_WaterRipple2.M_WaterRipple2","0","56","56","1","37.994839","0","0"
"/Game/GunImpactParticles/Materials/Water/M_WaterRipple.M_WaterRipple","0","56","56","1","37.206257","0","0"
"/Game/GunImpactParticles/Materials/Metal/M_Flare.M_Flare","0","56","56","1","36.391769","0","0"
"/Game/GunImpactParticles/Materials/Dirt/M_Splash.M_Splash","0","56","56","1","41.695599","0","0"
"/Game/Materials/Impact_Decal/M_Decal.M_Decal","0","31","31","1","18.785479","0","0"
"/Game/WeaponPack/Models/M16A4/M16A4_M2.M16A4_M2","0","36","36","1","16.703667","0","0"
"/Game/WeaponPack/Models/M16A4/M16A4_1M.M16A4_1M","0","51","54","1","22.455067","0","0"
"/Game/AdvancedLocomotionV4/CharacterAssets/MannequinSkeleton/Materials/M_AnimMan_Eyes.M_AnimMan_Eyes","0","60","60","1","31.098772","0","0"
"/Game/AdvancedLocomotionV4/CharacterAssets/MannequinSkeleton/Materials/M_AnimMan_Default.M_AnimMan_Default","0","60","60","1","32.828693","0","0"
"/Game/Mannequin/Character/Materials/M_UE4Man_Body_Burning.M_UE4Man_Body_Burning","0","36","36","1","15.705022","0","0"
"/Game/CC_Shaders/TearLineShader/RL_TearLine.RL_TearLine","0","142","146","1","397.104218","0","0"
"/Game/CC_Shaders/EyelashShader/RL_Eyelash.RL_Eyelash","0","228","234","1","141.584549","0","0"
"/Game/CC_Shaders/EyeOcclusionShader/RL_EyeOcclusion.RL_EyeOcclusion","0","60","64","1","25.938225","0","0"
"/Game/CC_Shaders/EyeShader/RL_EyeRefractive.RL_EyeRefractive","0","77","81","1","46.575897","0","0"
"/Game/StarterContent/Particles/Materials/M_Radial_Gradient.M_Radial_Gradient","0","32","32","1","10.165681","0","0"
"/Game/StarterContent/Particles/Materials/M_Heat_Distortion.M_Heat_Distortion","0","36","36","1","9.908495","0","0"
"/Game/StarterContent/Particles/Materials/M_Fire_SubUV.M_Fire_SubUV","0","24","24","1","8.279336","0","0"
"/Game/StarterContent/Particles/Materials/M_smoke_subUV.M_smoke_subUV","0","84","84","1","44.854805","0","0"
"/Game/AdvancedLocomotionV4/Props/Materials/M_Prop.M_Prop","0","36","36","1","13.611478","0","0"
"/Game/AmplifyAnimationPack/Materials/DemoScene/MasterMaterials/MM_Grid_World.MM_Grid_World","0","69","69","1","30.910328","0","0"
"/Engine/BasicShapes/BasicShapeMaterial.BasicShapeMaterial","0","87","87","1","31.515604","0","0"
"/Game/BP/UI/UI_Assets/Background_Mat.Background_Mat","0","15","15","1","3.927283","0","0"
"/Game/WeaponPack/Models/M1870/M1870_8a1.M1870_8a1","0","36","36","1","12.573776","0","0"
"/Game/MilitaryWeapDark/FX/Materials/M_Woodchips_8x1_01.M_Woodchips_8x1_01","0","84","84","1","39.544907","0","0"
"/Game/MilitaryWeapDark/FX/Materials/M_RockSmall_01.M_RockSmall_01","0","24","24","1","8.401904","0","0"
"/Game/MilitaryWeapDark/FX/Materials/M_Smoke_8x8_B_01.M_Smoke_8x8_B_01","0","84","84","1","43.503647","0","0"
"/Game/AmplifyAnimationPack/Weapon/WeaponPack/Models/AK47/ak_47__B1.ak_47__B1","0","36","36","1","13.280023","0","0"
"/Game/AmplifyAnimationPack/Weapon/WeaponPack/Models/AK47/ak_47__A1.ak_47__A1","0","36","36","1","13.729702","0","0"
"/Game/Cinematics/Sequences/Cinematic_0513/Mask_Wanda_fbm/Mask_material.Mask_material","0","12","12","1","6.229734","0","0"
"/Game/WeaponPack/Models/AK47/ak_47__B1.ak_47__B1","0","36","36","1","16.152418","0","0"
"/Game/WeaponPack/Models/M1911/M_1911.M_1911","0","36","36","1","13.811099","0","0"
"/Game/WeaponPack/Models/AK47/ak_47__A1.ak_47__A1","0","36","36","1","13.501924","0","0"
"/Game/MilitaryWeapDark/Weapons/Materials/M_WeaponMaster_01.M_WeaponMaster_01","0","45","45","1","19.922632","0","0"
"/Engine/EditorMaterials/PreviewShadowIndicatorMaterial.PreviewShadowIndicatorMaterial","0","17","17","1","4.706076","0","0"
"/Engine/EngineDebugMaterials/DebugEditorMaterial.DebugEditorMaterial","0","7","8","1","2.828877","0","0"
"/Game/ACSU_ATLUS/Materials/PoliceSkin/FrontPanel/M_ACSU_Atlus_PoliceSkin_FrontPanel.M_ACSU_Atlus_PoliceSkin_FrontPanel","0","84","84","1","192.074692","0","0"
"/Game/Polar/Materials/Vista_Materials/_M_Master_Mountains._M_Master_Mountains","0","66","66","2","29.846828","0","0"
"/Game/Polar/Materials/_M_Master_Material._M_Master_Material","0","648","684","6","214.724487","0","0"
"/Game/Polar/Materials/_M_Master_Material_2Sided._M_Master_Material_2Sided","0","432","456","4","138.713394","0","0"
"/Game/SteamPunkEnvironment01/Materials/M_Building01_FirstFloor_B.M_Building01_FirstFloor_B","0","21","21","1","10.246336","0","0"
"/Game/SteamPunkEnvironment01/Materials/M_Building01_Facade_B.M_Building01_Facade_B","0","21","21","1","9.877942","0","0"
"/Game/Madeline/Material/M_Wood.M_Wood","0","21","21","1","11.790799","0","0"
"/Game/Madeline/Material/M_Trimsheet_Wood.M_Trimsheet_Wood","0","21","21","1","11.546593","0","0"
"/Game/Madeline/Material/M_Trimsheet_Gold.M_Trimsheet_Gold","0","21","21","1","12.834318","0","0"
"/Game/Madeline/Material/M_WoodenColumns.M_WoodenColumns","0","21","21","1","11.421942","0","0"
"/Game/Madeline/Material/M_Stone.M_Stone","0","21","21","1","11.750986","0","0"
"/Game/Madeline/Material/M_RedMarble.M_RedMarble","0","21","21","1","11.399007","0","0"
"/Game/Madeline/Material/M_Orange_Marble.M_Orange_Marble","0","21","21","1","11.517107","0","0"
"/Game/Madeline/Material/M_Bricks_Tile.M_Bricks_Tile","0","21","21","1","11.230317","0","0"
"/Game/The_Rally_Point/Material/M_Roof_Glass_01.M_Roof_Glass_01","0","40","40","1","50.487492","0","0"
"/Game/GameFiles/Modeling/Build/clock_tower/churchBBottomCorners.churchBBottomCorners","0","21","21","1","12.244652","0","0"
"/Game/GameFiles/Modeling/Build/clock_tower/churchBBottomButtresses.churchBBottomButtresses","0","21","21","1","11.274445","0","0"
"/Game/GameFiles/Modeling/Build/clock_tower/churchBBottom.churchBBottom","0","21","21","1","11.817705","0","0"
"/Game/Materials/M_3ColorsMaskBase.M_3ColorsMaskBase","0","66","66","1","27.060593","0","0"
"/Game/GameFiles/Modeling/Build/clock_tower/churchBMidCorners.churchBMidCorners","0","21","21","1","12.061800","0","0"
"/Game/GameFiles/Modeling/Build/clock_tower/churchBMid.churchBMid","0","21","21","1","10.540486","0","0"
"/Game/GameFiles/Modeling/Build/clock_tower/churchBFacadeBottom.churchBFacadeBottom","0","21","21","1","11.726806","0","0"
"/Game/GameFiles/Modeling/Build/clock_tower/churchBEntrance.churchBEntrance","0","21","21","1","14.357832","0","0"
"/Game/GameFiles/Modeling/Build/clock_tower/churchBCornerButtresses.churchBCornerButtresses","0","21","21","1","9.966989","0","0"
"/Game/GameFiles/Modeling/Build/clock_tower/churchBButtressesBack.churchBButtressesBack","0","21","21","1","10.024090","0","0"
"/Game/Madeline/Material/M_RedFabric.M_RedFabric","0","21","21","1","9.250541","0","0"
"/Game/Madeline/Material/M_Statue_Concrete.M_Statue_Concrete","0","21","21","1","8.874406","0","0"
"/Game/GameFiles/Modeling/Build/clock_tower/churchBBackWall.churchBBackWall","0","21","21","1","9.210096","0","0"
"/Game/GameFiles/Modeling/Build/clock_tower/churchBApseButtress.churchBApseButtress","0","21","21","1","9.182502","0","0"
"/Game/SteamPunkEnvironment01/Materials/M_Building04_FirstFloor_A.M_Building04_FirstFloor_A","0","21","21","1","8.926838","0","0"
"/Game/Materials/M_3ColorsMaskBase_Unique.M_3ColorsMaskBase_Unique","0","66","66","1","22.820042","0","0"
"/Game/SteamPunkEnvironment01/Materials/M_Building05_TopFloor_B.M_Building05_TopFloor_B","0","21","21","1","8.900942","0","0"
"/Game/MSPresets/Foliage_Material/Foliage_Material.Foliage_Material","0","46","48","1","16.646381","0","0"
"/Game/Cyberpunk_NightClub/Materials/Material_Stairs03.Material_Stairs03","0","21","21","1","10.089799","0","0"
"/Game/SteamPunkEnvironment01/Materials/M_Building02_Shops_B.M_Building02_Shops_B","0","21","21","1","8.511708","0","0"
"/Game/Madeline/Material/M_Metal02.M_Metal02","0","21","21","1","9.693823","0","0"
"/Game/GameFiles/Modeling/Build/clock_tower/churchBApseB_BaseColor_Mat.churchBApseB_BaseColor_Mat","0","21","21","1","8.615347","0","0"
"/Game/The_Rally_Point/Material/M_Brick_Wall_01.M_Brick_Wall_01","0","44","46","1","35.048210","44","46"
"/Game/MilitaryWeapDark/FX/Materials/M_LightRay_01.M_LightRay_01","0","24","24","1","7.165109","0","0"
"/Game/Cyberpunk_NightClub/Materials/Material_Wall05.Material_Wall05","0","21","21","1","8.070504","0","0"
"/Game/KingArthur/Materials/MM_Base.MM_Base","0","90","90","2","26.719940","0","0"
"/Game/Cyberpunk_NightClub/Materials/Material_Carpet.Material_Carpet","0","21","21","1","7.763784","0","0"
"/Game/Cyberpunk_NightClub/Materials/Material_Counter02.Material_Counter02","0","21","21","1","7.971564","0","0"
"/Game/SteamPunkEnvironment01/Materials/M_Building02_Shops_A.M_Building02_Shops_A","0","21","21","1","8.731372","0","0"
"/Game/The_Rally_Point/Material/M_Museum_Ornement_01.M_Museum_Ornement_01","0","21","21","1","7.144580","0","0"
"/Game/WeaponPack/MuzzleFlashPack/Materials/M_Dirt_2.M_Dirt_2","0","112","112","1","38.273911","0","0"
"/Game/SteamPunkEnvironment01/Materials/M_Building03_UpperBuilding02.M_Building03_UpperBuilding02","0","21","21","1","8.126224","0","0"
"/Game/SteamPunkEnvironment01/Materials/M_Building05_TowerBase.M_Building05_TowerBase","0","21","21","1","9.445925","0","0"
"/Game/Cyberpunk_NightClub/Materials/Material_Counter01.Material_Counter01","0","21","21","1","7.147721","0","0"
"/Game/WeaponPack/Models/Moosberg/BM.BM","0","36","36","1","10.872770","0","0"
"/Game/Cyberpunk_NightClub/Materials/Material_Door04.Material_Door04","0","21","21","1","9.658141","0","0"
"/Game/The_Rally_Point/Material/M_Metallic_Trim_02_03.M_Metallic_Trim_02_03","0","21","21","1","9.608876","0","0"
"/Game/Cyberpunk_NightClub/Materials/Material_Door01.Material_Door01","0","21","21","1","8.465329","0","0"
"/Game/WeaponPack/Models/Moosberg/AM.AM","0","36","36","1","10.225152","0","0"
"/Game/SteamPunkEnvironment01/Materials/M_Building03_Facade_F.M_Building03_Facade_F","0","21","21","1","8.467123","0","0"
"/Game/Cyberpunk_NightClub/Materials/Material_ColorNeon02.Material_ColorNeon02","0","21","21","1","11.478292","0","0"
"/Game/The_Rally_Point/Material/M_Light_Pole_01.M_Light_Pole_01","0","21","21","1","7.788876","0","0"
"/Game/SteamPunkEnvironment01/Materials/M_Building06_Facade_C.M_Building06_Facade_C","0","21","21","1","7.058735","0","0"
"/Game/Cyberpunk_NightClub/Materials/Material_Wall06.Material_Wall06","0","21","21","1","7.123135","0","0"
"/Game/SteamPunkEnvironment01/Materials/M_Sidewalk.M_Sidewalk","0","21","21","1","10.656501","0","0"
"/Game/Cyberpunk_NightClub/Materials/Material_Booth01_01.Material_Booth01_01","0","21","21","1","9.408948","0","0"
"/Game/SteamPunkEnvironment01/Materials/M_Building02_Awnings_Adverts.M_Building02_Awnings_Adverts","0","21","21","1","7.820123","0","0"
"/Game/The_Rally_Point/Material/M_Gate_Frame_01.M_Gate_Frame_01","0","21","21","1","8.867184","0","0"
"/Game/Cyberpunk_NightClub/Materials/Material_Chair.Material_Chair","0","21","21","1","10.329047","0","0"
"/Game/Polar/Materials/_M_Master_Rubber._M_Master_Rubber","0","21","21","1","10.885676","0","0"
"/Game/WeaponPack/Models/MP5K/MP5K_M1.MP5K_M1","0","36","36","1","13.014286","0","0"
"/Game/The_Rally_Point/Material/M_Floor_Ornement_01.M_Floor_Ornement_01","0","21","21","1","8.605925","0","0"
"/Game/WeaponPack/MuzzleFlashPack/Materials/M_master_Fire_Gun.M_master_Fire_Gun","0","56","56","1","23.232038","0","0"
"/Game/GameFiles/Modeling/Build/clock_tower/churchBApseB.churchBApseB","0","12","12","1","4.218095","0","0"
"/Game/MilitaryWeapDark/FX/Materials/M_Pistol_MuzzleFlash_4x1_A.M_Pistol_MuzzleFlash_4x1_A","0","24","24","1","5.823566","0","0"
"/Game/Madeline/Material/M_Organ.M_Organ","0","21","21","1","7.665181","0","0"
"/Game/Madeline/Material/M_Square_Tiles.M_Square_Tiles","0","21","21","1","10.797415","0","0"
"/Game/Madeline/Material/M_White_Fabric.M_White_Fabric","0","21","21","1","9.209395","0","0"
"/Game/MilitaryWeapDark/FX/Materials/M_GlowSphere_01.M_GlowSphere_01","0","32","32","1","9.782986","0","0"
"/Game/Materials/M_LampSet_01.M_LampSet_01","0","45","45","1","15.985281","0","0"
"/Game/Cyberpunk_NightClub/Materials/Material_Wall02.Material_Wall02","0","21","21","1","12.784433","0","0"
"/Game/The_Rally_Point/Material/M_Fence_01_Pillar_01.M_Fence_01_Pillar_01","0","21","21","1","8.835432","0","0"
"/Game/ACSU_ATLUS/Materials/PoliceSkin/Gun_1/M_ACSU_Atlus_PoliceSkin_Gun1.M_ACSU_Atlus_PoliceSkin_Gun1","0","36","36","1","11.689283","0","0"
"/Game/Cyberpunk_NightClub/Materials/Material_Decoration03.Material_Decoration03","0","46","48","1","18.398018","0","0"
"/Game/MilitaryWeapDark/FX/Materials/M_Pistol_Smoke_2x2_A.M_Pistol_Smoke_2x2_A","0","84","84","1","36.505157","0","0"
"/Game/Materials/M_ConcretePillar01_Master.M_ConcretePillar01_Master","0","78","78","1","30.328453","0","0"
"/Game/Cinematics/Sequences/Cinematic_0513/Mask7_fbm/Volume4_copy001_Diffuse_Mat.Volume4_copy001_Diffuse_Mat","0","12","12","1","4.824125","0","0"
"/Game/SteamPunkEnvironment01/Materials/M_Building03_UpperBuilding01.M_Building03_UpperBuilding01","0","21","21","1","9.993842","0","0"
"/Game/SteamPunkEnvironment01/Materials/M_Building01_RoofTop_Wall.M_Building01_RoofTop_Wall","0","21","21","1","9.901396","0","0"
"/Game/WeaponPack/MuzzleFlashPack/Materials/M_Smoke_Wisp.M_Smoke_Wisp","0","112","112","1","40.070168","0","0"
"/Game/KingArthur/Materials/MM_Master_Floor.MM_Master_Floor","0","21","21","1","8.633821","0","0"
"/Game/Madeline/Material/M_Glass01.M_Glass01","0","44","44","1","36.744808","0","0"
"/Game/Materials/M_ControlDeskPainted.M_ControlDeskPainted","0","21","21","1","21.957413","0","0"
"/Game/Cyberpunk_NightClub/Materials/Material_Door02.Material_Door02","0","21","21","1","8.650746","0","0"
"/Game/WeaponPack/Models/Uzi/MC.MC","0","36","36","1","10.018730","0","0"
"/Game/Madeline/Material/M_Metal_Chandeliers.M_Metal_Chandeliers","0","21","21","1","7.314884","0","0"
"/Game/Cyberpunk_NightClub/Materials/Material_Ground05_A.Material_Ground05_A","0","21","21","1","6.794983","0","0"
"/Game/Madeline/Material/M_Trimsheet_Concrete.M_Trimsheet_Concrete","0","21","21","1","8.351941","0","0"
"/Game/The_Rally_Point/Material/MM_Cobblestone_01.MM_Cobblestone_01","0","44","46","1","32.796936","44","46"
"/Game/Cyberpunk_NightClub/Materials/Material_Booth02_A.Material_Booth02_A","0","21","21","1","6.292101","0","0"
"/Game/Cyberpunk_NightClub/Materials/Material_Wall03.Material_Wall03","0","21","21","1","9.108546","0","0"
"/Game/The_Rally_Point/Material/M_Glass_01.M_Glass_01","0","21","21","1","6.855501","0","0"
"/Game/ACSU_ATLUS/Materials/PoliceSkin/Gun_2/M_ACSU_Atlus_PoliceSkin_Gun2.M_ACSU_Atlus_PoliceSkin_Gun2","0","36","36","1","9.216607","0","0"
"/Game/The_Rally_Point/Material/M_Museum_Border_01.M_Museum_Border_01","0","21","21","1","6.768875","0","0"
"/Game/AmplifyAnimationPack/Materials/DemoScene/M_Basic_Wall.M_Basic_Wall","0","21","21","1","6.389788","0","0"
"/Game/GameFiles/Material/Chapter_1floor_Pillar/1floor_Pillar.1floor_Pillar","0","21","21","1","8.386680","0","0"
"/Game/SteamPunkEnvironment01/Materials/M_Road.M_Road","0","21","21","1","9.648676","0","0"
"/Game/Cyberpunk_NightClub/Materials/Material_Light01.Material_Light01","0","21","21","1","7.986591","0","0"
"/Game/The_Rally_Point/Material/M_Concrete_Fence_01.M_Concrete_Fence_01","0","21","21","1","6.411453","0","0"
"/Game/The_Rally_Point/Material/M_Awning_Metallic02.M_Awning_Metallic02","0","21","21","1","6.738150","0","0"
"/Game/Madeline/Material/M_Metal_Columns.M_Metal_Columns","0","21","21","1","8.001223","0","0"
"/Game/GameFiles/Modeling/Build/clock_tower/churchBPinnacles.churchBPinnacles","0","21","21","1","7.170103","0","0"
"/Game/SteamPunkEnvironment01/Materials/M_Curb.M_Curb","0","21","21","1","7.513752","0","0"
"/Game/GameFiles/Modeling/Build/clock_tower/churchBLead1.churchBLead1","0","21","21","1","7.967436","0","0"
"/Game/SteamPunkEnvironment01/Materials/M_Building06_Facade_E.M_Building06_Facade_E","0","21","21","1","8.105123","0","0"
"/Game/Madeline/Material/M_Trimsheet_Paintings.M_Trimsheet_Paintings","0","21","21","1","8.378261","0","0"
"/Game/Cyberpunk_NightClub/Materials/Material_Stairs01.Material_Stairs01","0","21","21","1","9.180214","0","0"
"/Game/SteamPunkEnvironment01/Materials/M_Building05_TopFloor_A.M_Building05_TopFloor_A","0","21","21","1","8.306626","0","0"
"/Game/The_Rally_Point/Material/M_Museum_Glass_02.M_Museum_Glass_02","0","40","40","1","40.532482","0","0"
"/Game/SteamPunkEnvironment01/Materials/M_Building01_Ledges_Wall.M_Building01_Ledges_Wall","0","21","21","1","6.752409","0","0"
"/Game/The_Rally_Point/Material/M_Museum_Window_Frame_01.M_Museum_Window_Frame_01","0","21","21","1","11.033980","0","0"
"/Game/AmplifyAnimationPack/Materials/FX/M_Impact_FX.M_Impact_FX","0","56","56","1","21.910091","0","0"
"/Game/The_Rally_Point/Material/M_Ammo_Crate01.M_Ammo_Crate01","0","21","21","1","7.656456","0","0"
"/Game/SteamPunkEnvironment01/Materials/M_Building03_Facade_C.M_Building03_Facade_C","0","21","21","1","7.865179","0","0"
"/Game/The_Rally_Point/Material/MM_Lambert_02.MM_Lambert_02","0","60","63","1","20.483837","0","0"
"/Game/Madeline/Material/M_Black_Marble.M_Black_Marble","0","21","21","1","7.063270","0","0"
"/Game/KingArthur/Materials/MM_PointLight1.MM_PointLight1","0","17","17","1","3.729406","0","0"
"/Game/KingArthur/Materials/MM_WhiteFill.MM_WhiteFill","0","21","21","1","14.510944","0","0"
"/Game/MSPresets/Billboard_Material/Billboard_Material.Billboard_Material","0","92","96","1","45.664486","0","0"
"/Game/SteamPunkEnvironment01/Materials/M_Building03_Facade_A.M_Building03_Facade_A","0","21","21","1","7.054657","0","0"
"/Game/The_Rally_Point/Material/M_Awning_Metallic01.M_Awning_Metallic01","0","21","21","1","7.631881","0","0"
"/Game/Materials/M_BaseMaterial.M_BaseMaterial","0","45","45","1","21.799606","0","0"
"/Game/Madeline/Material/M_Statue_Stone.M_Statue_Stone","0","21","21","1","10.843941","0","0"
"/Game/SteamPunkEnvironment01/Materials/M_Building02_RoofCorner.M_Building02_RoofCorner","0","21","21","1","15.837640","0","0"
"/Game/SteamPunkEnvironment01/Materials/M_Building01_Facade_C.M_Building01_Facade_C","0","21","21","1","10.740015","0","0"
"/Game/The_Rally_Point/Material/M_Stairs_01.M_Stairs_01","0","21","21","1","16.949772","0","0"
"/Game/The_Rally_Point/Material/M_Fence_01.M_Fence_01","0","21","21","1","8.090446","0","0"
"/Game/The_Rally_Point/Material/M_Tar_01.M_Tar_01","0","21","21","1","8.038829","0","0"
"/Game/Madeline/Material/M_Statue_Wood.M_Statue_Wood","0","21","21","1","9.775123","0","0"
"/Game/Madeline/Material/M_Whitestone.M_Whitestone","0","21","21","1","8.842113","0","0"
"/Game/KingArthur/Materials/MM_FillBlack.MM_FillBlack","0","21","21","1","10.203569","0","0"
"/Game/SteamPunkEnvironment01/Materials/M_Building01_Roof_Wall.M_Building01_Roof_Wall","0","21","21","1","16.505217","0","0"
"/Game/SteamPunkEnvironment01/Materials/M_Building03_Roof.M_Building03_Roof","0","21","21","1","14.684405","0","0"
"/Game/Cyberpunk_NightClub/Materials/Material_Counter03.Material_Counter03","0","21","21","1","13.887589","0","0"
"/Game/GameFiles/Material/1floor_tiles/error_stop_Albedo_Mat.error_stop_Albedo_Mat","0","21","21","1","8.341536","0","0"
"/Game/The_Rally_Point/Material/MM_Concrete_Trim_01.MM_Concrete_Trim_01","0","21","21","1","10.400697","0","0"
"/Game/Geometry/Meshes/CubeMaterial.CubeMaterial","0","21","21","1","7.236705","0","0"
"/Game/KingArthur/Materials/MM_Candle.MM_Candle","0","21","21","1","15.129510","0","0"
"/Game/MSPresets/MS_DefaultMaterial/MS_DefaultMaterial.MS_DefaultMaterial","0","47","50","1","18.894545","0","0"
"/Game/SteamPunkEnvironment01/Materials/M_Building05_TopFloorTower.M_Building05_TopFloorTower","0","21","21","1","15.901218","0","0"
"/Game/Cyberpunk_NightClub/Materials/Material_Ground06.Material_Ground06","0","21","21","1","11.091220","0","0"
"/Game/Cyberpunk_NightClub/Materials/Material_Delimitation02.Material_Delimitation02","0","21","21","1","10.380570","0","0"
"/Game/Materials/M_BaseMetal.M_BaseMetal","0","45","45","1","16.554647","0","0"
"/Game/The_Rally_Point/Material/M_Canopy_Roof_01.M_Canopy_Roof_01","0","21","21","1","12.240341","0","0"
"/Game/SteamPunkEnvironment01/Materials/M_Building06_Facade_D.M_Building06_Facade_D","0","21","21","1","13.874734","0","0"
"/Game/The_Rally_Point/Material/M_Fence_02.M_Fence_02","0","21","21","1","7.020143","0","0"
"/Game/Cyberpunk_NightClub/Materials/Material_Decoration01.Material_Decoration01","0","21","21","1","9.460394","0","0"
"/Game/Madeline/Material/M_Ceramic.M_Ceramic","0","21","21","1","9.342540","0","0"
"/Game/Materials/M_RenderTarget.M_RenderTarget","0","21","21","1","11.191981","0","0"
"/Game/ACSU_ATLUS/BluePrints/WarningTexture.WarningTexture","0","12","12","1","5.636058","0","0"
"/Game/The_Rally_Point/Material/M_Canopy_Glass_01.M_Canopy_Glass_01","0","40","40","1","34.913868","0","0"
"/Game/The_Rally_Point/Material/M_Metallic_Trim_01.M_Metallic_Trim_01","0","21","21","1","9.824030","0","0"
"/Game/The_Rally_Point/Material/MM_Bush_01.MM_Bush_01","0","46","48","1","15.408189","0","0"
"/Game/Cyberpunk_NightClub/Materials/Material_Glass01.Material_Glass01","0","21","21","1","8.671455","0","0"
"/Game/SteamPunkEnvironment01/Materials/M_SPGears_Mat02.M_SPGears_Mat02","0","21","21","1","7.669138","0","0"
"/Game/SteamPunkEnvironment01/Materials/M_Building05_Facade_B.M_Building05_Facade_B","0","21","21","1","15.370440","0","0"
"/Game/GameFiles/Modeling/Build/clock_tower/churchBsideWallsC.churchBsideWallsC","0","21","21","1","8.206457","0","0"
"/Game/The_Rally_Point/Material/M_Museum_Trim_01.M_Museum_Trim_01","0","21","21","1","7.998221","0","0"
"/Game/The_Rally_Point/Material/M_Metallic_Trim_03.M_Metallic_Trim_03","0","21","21","1","11.765234","0","0"
"/Game/SteamPunkEnvironment01/Materials/M_Accessories.M_Accessories","0","21","21","1","7.886946","0","0"
"/Game/Madeline/Material/M_Pope_Statue_Wood.M_Pope_Statue_Wood","0","21","21","1","14.499073","0","0"
"/Game/SteamPunkEnvironment01/Materials/M_Tires.M_Tires","0","21","21","1","11.672150","0","0"
"/Game/Cyberpunk_NightClub/Materials/Material_Cable02.Material_Cable02","0","21","21","1","9.138351","0","0"
"/Game/The_Rally_Point/Material/M_Ammo_Box01.M_Ammo_Box01","0","21","21","1","7.696640","0","0"
"/Game/SteamPunkEnvironment01/Materials/M_Adverts_Dumpster.M_Adverts_Dumpster","0","21","21","1","7.520349","0","0"
"/Game/Materials/M_MetalBeam_Painted.M_MetalBeam_Painted","0","42","42","1","17.228386","0","0"
"/Game/MilitaryWeapDark/FX/Materials/M_Ember_Speed_01.M_Ember_Speed_01","0","24","24","1","5.759406","0","0"
"/Game/SteamPunkEnvironment01/Materials/M_Building06_Facade_B.M_Building06_Facade_B","0","21","21","1","8.029109","0","0"
"/Game/KingArthur/Materials/MM_Decal_01.MM_Decal_01","0","43","43","1","20.757025","0","0"
"/Game/SteamPunkEnvironment01/Materials/M_Building04_Facade_A.M_Building04_Facade_A","0","21","21","1","7.369020","0","0"
"/Game/Cyberpunk_NightClub/Materials/Material_Generic02.Material_Generic02","0","21","21","1","9.532302","0","0"
"/Game/SteamPunkEnvironment01/Materials/M_SPStreetLight01Mat01.M_SPStreetLight01Mat01","0","21","21","1","9.985658","0","0"
"/Game/Cyberpunk_NightClub/Materials/Material_Booth02_B.Material_Booth02_B","0","21","21","1","8.071679","0","0"
"/Game/Cyberpunk_NightClub/Materials/Material_Ground02.Material_Ground02","0","21","21","1","11.441757","0","0"
"/Game/MilitaryWeapDark/FX/Materials/M_Debris_Tileable_01.M_Debris_Tileable_01","0","84","84","1","36.187904","0","0"
"/Game/Cyberpunk_NightClub/Materials/Material_Sofa02.Material_Sofa02","0","21","21","1","11.038683","0","0"
"/Game/Cyberpunk_NightClub/Materials/Material_Wall01.Material_Wall01","0","21","21","1","10.837307","0","0"
"/Game/WeaponPack/Models/Uzi/MB.MB","0","36","36","1","17.313189","0","0"
"/Game/Madeline/Material/M_Pope_Statue_Concrete.M_Pope_Statue_Concrete","0","21","21","1","10.019355","0","0"
"/Game/The_Rally_Point/Material/M_Wall_stone_01.M_Wall_stone_01","0","21","21","1","12.561093","0","0"
"/Game/Madeline/Material/M_Metal_Door.M_Metal_Door","0","21","21","1","11.098005","0","0"
"/Game/SteamPunkEnvironment01/Materials/M_Building03_Facade_D.M_Building03_Facade_D","0","21","21","1","8.287775","0","0"
"/Game/Madeline/Material/M_Saint_Statue_Wood.M_Saint_Statue_Wood","0","21","21","1","7.341268","0","0"
"/Game/SteamPunkEnvironment01/Materials/M_Building04_RoofTop.M_Building04_RoofTop","0","21","21","1","8.578096","0","0"
"/Game/Cyberpunk_NightClub/Materials/Material_Table02.Material_Table02","0","21","21","1","9.592360","0","0"
"/Game/MilitaryWeapDark/FX/Materials/M_RockMesh_01.M_RockMesh_01","0","24","24","1","7.868957","0","0"
"/Game/SteamPunkEnvironment01/Materials/M_Pipes_Copper.M_Pipes_Copper","0","21","21","1","10.444440","0","0"
"/Game/Cyberpunk_NightClub/Materials/Material_Fence03.Material_Fence03","0","21","21","1","10.096542","0","0"
"/Game/Cyberpunk_NightClub/Materials/Material_Glass04.Material_Glass04","0","21","21","1","10.051964","0","0"
"/Game/SteamPunkEnvironment01/Materials/M_Building05_Facade_A.M_Building05_Facade_A","0","21","21","1","8.851805","0","0"
"/Game/SteamPunkEnvironment01/Materials/M_Building04_FirstFloor_B.M_Building04_FirstFloor_B","0","21","21","1","11.935605","0","0"
"/Game/SteamPunkEnvironment01/Materials/M_Building02_Props.M_Building02_Props","0","21","21","1","8.931601","0","0"
"/Game/The_Rally_Point/Material/M_Museum_Pillar_01.M_Museum_Pillar_01","0","21","21","1","9.116143","0","0"
"/Game/KingArthur/Materials/MM_Decal_02.MM_Decal_02","0","31","31","1","12.690099","0","0"
"/Game/The_Rally_Point/Material/M_Roof_Ornement_01.M_Roof_Ornement_01","0","21","21","1","9.499085","0","0"
"/Game/Cyberpunk_NightClub/Materials/Material_Booth01_02.Material_Booth01_02","0","21","21","1","9.800722","0","0"
"/Game/SteamPunkEnvironment01/Materials/M_SPStreetLight03_Mat01.M_SPStreetLight03_Mat01","0","21","21","1","9.068681","0","0"
"/Game/Cyberpunk_NightClub/Materials/Material_Vent01.Material_Vent01","0","21","21","1","9.189094","0","0"
"/Game/SteamPunkEnvironment01/Materials/M_Building01_Glass.M_Building01_Glass","0","40","40","1","42.161304","0","0"
"/Game/Madeline/Material/M_Virgin_Statue_WhiteStone.M_Virgin_Statue_WhiteStone","0","21","21","1","8.913709","0","0"
"/Game/StarterContent/Particles/Materials/M_explosion_subUV.M_explosion_subUV","0","24","24","1","6.936706","0","0"
"/Game/KingArthur/Materials/MM_Decal.MM_Decal","0","31","31","1","13.145632","0","0"
"/Game/SteamPunkEnvironment01/Materials/M_Building04_Facade_D.M_Building04_Facade_D","0","21","21","1","8.839725","0","0"
"/Game/Madeline/Material/M_Pope_Statue_Stone.M_Pope_Statue_Stone","0","21","21","1","9.182039","0","0"
"/Game/Cyberpunk_NightClub/Materials/Material_Booth01_03.Material_Booth01_03","0","21","21","1","10.365010","0","0"
"/Game/SteamPunkEnvironment01/Materials/M_Building03_UpperBuilding03.M_Building03_UpperBuilding03","0","21","21","1","10.876493","0","0"
"/Game/SteamPunkEnvironment01/Materials/M_Building02_TopFloor_Brick.M_Building02_TopFloor_Brick","0","21","21","1","11.938389","0","0"
"/Game/Cyberpunk_NightClub/Materials/Material_PaddedSofa01.Material_PaddedSofa01","0","21","21","1","12.012066","0","0"
"/Game/Character/Enemy/Enemy_mask_material1.Enemy_mask_material1","0","12","12","1","4.762236","0","0"
"/Game/SteamPunkEnvironment01/Materials/M_SPGears_Mat01.M_SPGears_Mat01","0","21","21","1","8.226683","0","0"
"/Game/Cyberpunk_NightClub/Materials/Material_Pillow.Material_Pillow","0","21","21","1","8.049124","0","0"
"/Game/SteamPunkEnvironment01/Materials/M_Building03_Facade_G.M_Building03_Facade_G","0","21","21","1","8.227106","0","0"
"/Game/Cyberpunk_NightClub/Materials/Material_Table01.Material_Table01","0","21","21","1","8.533088","0","0"
"/Game/Madeline/Material/M_Concrete_Columns.M_Concrete_Columns","0","21","21","1","8.748905","0","0"
"/Game/Polar/Materials/_M_Master_Glass._M_Master_Glass","0","40","40","1","16.826637","0","0"
"/Game/Cyberpunk_NightClub/Materials/Material_Generic03.Material_Generic03","0","21","21","1","7.982350","0","0"
"/Game/The_Rally_Point/Material/M_Roof_Windows_Ark02.M_Roof_Windows_Ark02","0","21","21","1","8.729055","0","0"
"/Game/Cyberpunk_NightClub/Materials/Material_Ground03.Material_Ground03","0","21","21","1","9.507529","0","0"
"/Game/SteamPunkEnvironment01/Materials/M_Building06_Facade_A.M_Building06_Facade_A","0","21","21","1","9.025650","0","0"
"/Game/KingArthur/Materials/MM_FillEmmisive.MM_FillEmmisive","0","21","21","1","8.791494","0","0"
"/Game/SteamPunkEnvironment01/Materials/M_StreetClockMat01.M_StreetClockMat01","0","21","21","1","8.333262","0","0"
"/Game/Cyberpunk_NightClub/Materials/Material_ElectricBox02.Material_ElectricBox02","0","21","21","1","9.971936","0","0"
"/Game/Cyberpunk_NightClub/Materials/Material_Speaker.Material_Speaker","0","21","21","1","8.440845","0","0"
"/Game/SteamPunkEnvironment01/Materials/M_Building06_Facade_F.M_Building06_Facade_F","0","21","21","1","12.182002","0","0"
"/Game/Polar/Materials/_M_Master_Cloth._M_Master_Cloth","0","108","114","1","34.651978","0","0"
"/Game/SteamPunkEnvironment01/Materials/M_SPClock01Mat01.M_SPClock01Mat01","0","46","48","1","16.552198","0","0"
"/Game/Madeline/Material/M_Emmitter.M_Emmitter","0","21","21","1","8.769891","0","0"
"/Game/Cyberpunk_NightClub/Materials/Material_PaddedSofa02.Material_PaddedSofa02","0","21","21","1","9.434096","0","0"
"/Game/SteamPunkEnvironment01/Materials/M_Building03_UpperBuilding05.M_Building03_UpperBuilding05","0","21","21","1","8.475268","0","0"
"/Game/SteamPunkEnvironment01/Materials/M_Gyroscope01_Mat01.M_Gyroscope01_Mat01","0","36","36","1","11.232158","0","0"
"/Game/StarterContent/Particles/Materials/m_flare_01.m_flare_01","0","32","32","1","7.710730","0","0"
"/Game/Cyberpunk_NightClub/Materials/Material_Sofa01.Material_Sofa01","0","21","21","1","8.735431","0","0"
"/Game/SteamPunkEnvironment01/Materials/M_Building02_Shops_A_Brick.M_Building02_Shops_A_Brick","0","21","21","1","8.091707","0","0"
"/Game/Cyberpunk_NightClub/Materials/Material_Ground05_B.Material_Ground05_B","0","21","21","1","8.347204","0","0"
"/Game/GameFiles/Modeling/Build/clock_tower/churchBapseA.churchBapseA","0","21","21","1","8.717791","0","0"
"/Game/Cyberpunk_NightClub/Materials/Material_Light02.Material_Light02","0","21","21","1","9.842444","0","0"
"/Game/The_Rally_Point/Material/M_Metallic_Trim_02_01.M_Metallic_Trim_02_01","0","21","21","1","10.108946","0","0"
"/Game/MilitaryWeapDark/FX/Materials/M_SmokeRibbon_01.M_SmokeRibbon_01","0","56","56","1","20.184795","0","0"
"/Game/Cyberpunk_NightClub/Materials/Material_TrashCan.Material_TrashCan","0","21","21","1","8.275376","0","0"
"/Game/Cyberpunk_NightClub/Materials/Material_Pillar02.Material_Pillar02","0","21","21","1","8.165617","0","0"
"/Game/ThirdPerson/Meshes/RampMaterial.RampMaterial","0","21","21","1","8.653236","0","0"
"/Game/GameFiles/Modeling/Chapter3_2/Modeling/lambert1.lambert1","0","12","12","1","4.709606","0","0"
"/Game/Cyberpunk_NightClub/Materials/Material_ColorNeon03.Material_ColorNeon03","0","21","21","1","8.993334","0","0"
"/Game/Madeline/Material/M_Candle_Wax.M_Candle_Wax","0","21","21","1","9.337311","0","0"
"/Game/Madeline/Material/M_Metal.M_Metal","0","21","21","1","9.334719","0","0"
"/Game/Meshes/curtain/Velvet_Plain_Raven.Velvet_Plain_Raven","0","12","12","1","4.845454","0","0"
"/Game/AdvancedLocomotionV4/Blueprints/light/PM_line.PM_line","0","4","4","1","1.095578","0","0"
"/Game/Madeline/Material/M_Trimsheet_Whitestone.M_Trimsheet_Whitestone","0","21","21","1","8.376040","0","0"
"/Game/GameFiles/Modeling/Build/Modeling_build_Chpater_3/lambert1.lambert1","0","12","12","1","4.635783","0","0"
"/Game/Cyberpunk_NightClub/Materials/Material_Cable01.Material_Cable01","0","21","21","1","8.909670","0","0"
"/Game/Cyberpunk_NightClub/Materials/Material_GenericGlass.Material_GenericGlass","0","42","42","1","35.040035","0","0"
"/Game/SteamPunkEnvironment01/Materials/M_Building04_Facade_C.M_Building04_Facade_C","0","21","21","1","9.145159","0","0"
"/Game/Madeline/Material/M_Octagon_Tiles.M_Octagon_Tiles","0","21","21","1","9.035942","0","0"
"/Game/SteamPunkEnvironment01/Materials/M_Building04_Facade_B.M_Building04_Facade_B","0","21","21","1","8.344934","0","0"
"/Game/SteamPunkEnvironment01/Materials/M_SPHydrants_Mat01.M_SPHydrants_Mat01","0","21","21","1","7.882059","0","0"
"/Game/SteamPunkEnvironment01/Materials/M_Building03_UpperBuilding04.M_Building03_UpperBuilding04","0","21","21","1","8.242636","0","0"
"/Game/Meshes/DefaultMaterial.DefaultMaterial","0","21","21","1","8.680694","0","0"
"/Game/Cyberpunk_NightClub/Materials/Material_Stairs02.Material_Stairs02","0","21","21","1","8.256903","0","0"
"/Game/Cyberpunk_NightClub/Materials/Material_Vent02.Material_Vent02","0","21","21","1","8.215775","0","0"
"/Game/The_Rally_Point/Material/M_Bark_02.M_Bark_02","0","46","48","1","13.983588","0","0"
"/Game/SteamPunkEnvironment01/Materials/M_SteamPunkVehicle_Mesh20.M_SteamPunkVehicle_Mesh20","0","21","21","1","8.956257","0","0"
"/Game/The_Rally_Point/Material/M_Museum_Glass_01.M_Museum_Glass_01","0","40","40","1","34.551514","0","0"
"/Game/ACSU_ATLUS/Materials/CamoSkin/Gun_2/M_ACSU_Atlus_CamoSkin_Gun2.M_ACSU_Atlus_CamoSkin_Gun2","0","36","36","1","11.509281","0","0"
"/Game/SteamPunkEnvironment01/Materials/M_Building04_Facade_E.M_Building04_Facade_E","0","21","21","1","7.922943","0","0"
"/Game/The_Rally_Point/Material/M_Roof_Windows_Ark01.M_Roof_Windows_Ark01","0","21","21","1","8.110398","0","0"
"/Game/MilitaryWeapDark/FX/Materials/M_Explosion_8x8_A_01.M_Explosion_8x8_A_01","0","84","84","1","33.083950","0","0"
"/Game/MilitaryWeapDark/FX/Materials/M_Shockwave_Refraction_01.M_Shockwave_Refraction_01","0","30","30","1","7.031700","0","0"
"/Game/KingArthur/Materials/MM_Banner_Cloth.MM_Banner_Cloth","0","150","155","1","52.791317","0","0"
"/Game/Cyberpunk_NightClub/Materials/Material_ElectricalTower02.Material_ElectricalTower02","0","21","21","1","7.999411","0","0"
"/Game/The_Rally_Point/Material/MM_Paving_Stone_01.MM_Paving_Stone_01","0","44","46","1","28.263454","44","46"
"/Game/Cyberpunk_NightClub/Materials/Material_ElectricalTower01_B.Material_ElectricalTower01_B","0","44","46","1","28.264708","44","46"
"/Game/SteamPunkEnvironment01/Materials/M_Glass.M_Glass","0","40","40","1","35.216839","0","0"
"/Game/Cyberpunk_NightClub/Materials/Material_ColorNeon01.Material_ColorNeon01","0","21","21","1","8.033682","0","0"
"/Game/GameFiles/Modeling/Build/clock_tower/churchBTrims.churchBTrims","0","21","21","1","8.118680","0","0"
"/Game/SteamPunkEnvironment01/Materials/M_Building03_DoorFacade.M_Building03_DoorFacade","0","21","21","1","8.104454","0","0"
"/Game/SteamPunkEnvironment01/Materials/M_Building03_Facade_H.M_Building03_Facade_H","0","21","21","1","8.342011","0","0"
"/Game/SteamPunkEnvironment01/Materials/M_Building06_TopFloor.M_Building06_TopFloor","0","21","21","1","8.599352","0","0"
"/Game/SteamPunkEnvironment01/Materials/M_Pipes_Silver.M_Pipes_Silver","0","21","21","1","8.935582","0","0"
"/Game/SteamPunkEnvironment01/Materials/M_Building03_Facade_E.M_Building03_Facade_E","0","21","21","1","8.147704","0","0"
"/Game/The_Rally_Point/Material/M_Light_Pole_G_01.M_Light_Pole_G_01","0","40","40","1","33.451397","0","0"
"/Game/SteamPunkEnvironment01/Materials/M_Pipes_Gold.M_Pipes_Gold","0","21","21","1","8.662534","0","0"
"/Game/Cyberpunk_NightClub/Materials/Material_Fence02.Material_Fence02","0","21","21","1","8.304232","0","0"
"/Game/Madeline/Material/M_Saint_Statue_Concrete.M_Saint_Statue_Concrete","0","21","21","1","9.163991","0","0"
"/Game/Movies/PrologueVideoPlayer_Video_Mat1.PrologueVideoPlayer_Video_Mat1","0","9","9","1","1.664778","0","0"
"/Game/SteamPunkEnvironment01/Materials/M_SPStreetLight01Mat02.M_SPStreetLight01Mat02","0","40","40","1","17.495102","0","0"
"/Game/SteamPunkEnvironment01/Materials/M_Building03_Facade_B.M_Building03_Facade_B","0","21","21","1","8.642191","0","0"
"/Game/Madeline/Material/M_Dirty_Concrete.M_Dirty_Concrete","0","21","21","1","9.086987","0","0"
"/Game/The_Rally_Point/Material/MM_Moss_01.MM_Moss_01","0","44","46","1","28.921658","44","46"
"/Game/SteamPunkEnvironment01/Materials/M_SPStreetLight01_Light.M_SPStreetLight01_Light","0","21","21","1","7.767216","0","0"
"/Game/Madeline/Material/M_Virgin_Statue_Stone.M_Virgin_Statue_Stone","0","21","21","1","7.858574","0","0"
"/Game/The_Rally_Point/Material/MM_Stone_Wall_02.MM_Stone_Wall_02","0","44","46","1","30.898804","44","46"
"/Game/Madeline/Material/M_Angel_Altar_Wood.M_Angel_Altar_Wood","0","21","21","1","8.660582","0","0"
"/Game/Meshes/Cliff_Albedo_Mat.Cliff_Albedo_Mat","0","21","21","1","8.543460","0","0"
"/Game/Madeline/Material/M_Angel_Altar_White_Stone.M_Angel_Altar_White_Stone","0","21","21","1","8.342340","0","0"
"/Game/Cyberpunk_NightClub/Materials/Material_ElectricalTower01_A.Material_ElectricalTower01_A","0","21","21","1","8.746156","0","0"
"/Game/Madeline/Material/M_Saint_Statue_Stone.M_Saint_Statue_Stone","0","21","21","1","8.332940","0","0"
"/Game/SteamPunkEnvironment01/Materials/M_Lights.M_Lights","0","40","40","1","17.770452","0","0"
"/Game/GameFiles/Modeling/Build/clock_tower/churchBTopCorners.churchBTopCorners","0","21","21","1","8.105062","0","0"
"/Game/SteamPunkEnvironment01/Materials/M_Building02_CornerFacade.M_Building02_CornerFacade","0","21","21","1","8.018206","0","0"
"/Game/The_Rally_Point/Material/MM_Grass_01.MM_Grass_01","0","46","48","1","16.006762","0","0"
"/Game/Cyberpunk_NightClub/Materials/Material_Ground07.Material_Ground07","0","21","21","1","8.285646","0","0"
"/Game/GameFiles/Modeling/Chapter3_2/Texturing/Chapter3_2_basic/Chapter3_2_field_wall.Chapter3_2_field_wall","0","21","21","1","8.610880","0","0"
"/Game/The_Rally_Point/Material/M_Light_Pole_Glow_01.M_Light_Pole_Glow_01","0","21","21","1","8.007222","0","0"
"/Game/Madeline/Material/M_Ceramic_dark.M_Ceramic_dark","0","21","21","1","8.426713","0","0"
"/Game/GameFiles/Modeling/Build/clock_tower/churchBTop.churchBTop","0","21","21","1","8.111174","0","0"
"/Game/The_Rally_Point/Material/M_Bark_01.M_Bark_01","0","46","48","1","14.753303","0","0"
"/Game/GameFiles/Modeling/Build/clock_tower/churchBTopButtresses.churchBTopButtresses","0","21","21","1","8.378103","0","0"
"/Game/Megascans/Surfaces/Leather_oi2uoap0/Albedo_2K_oi2uoap1_Mat.Albedo_2K_oi2uoap1_Mat","0","21","21","1","9.212315","0","0"
"/Game/KingArthur/Materials/MM_Base2sided.MM_Base2sided","0","108","114","1","29.818373","0","0"
"/Game/The_Rally_Point/Material/MM_Tree_01.MM_Tree_01","0","46","48","1","18.225693","0","0"
"/Game/WeaponPack/Models/MP5K/MP5K_M2.MP5K_M2","0","36","36","1","12.033982","0","0"
"/Game/Megascans/3D_Assets/Decorative_Statuettes_Pack_ug4kaisva/Statue1_Albedo_Mat.Statue1_Albedo_Mat","0","21","21","1","8.152757","0","0"
"/Game/SteamPunkEnvironment01/Materials/M_Body.M_Body","0","21","21","1","8.157767","0","0"
"/Game/Cyberpunk_NightClub/Materials/Material_Wall07.Material_Wall07","0","21","21","1","9.255877","0","0"
"/Game/GameFiles/Modeling/Build/clock_tower/churchBsideWallsB.churchBsideWallsB","0","21","21","1","8.108102","0","0"
"/Game/GameFiles/Modeling/Build/clock_tower/churchBsideWallsA.churchBsideWallsA","0","21","21","1","7.877357","0","0"
"/Engine/EngineSky/M_Sky_Panning_Clouds2.M_Sky_Panning_Clouds2","0","2","2","1","0.587931","0","0"
"/Game/The_Rally_Point/Material/M_Stone_Slab_01.M_Stone_Slab_01","0","21","21","1","7.888624","0","0"
"/Game/SteamPunkEnvironment01/Materials/M_Building02_TopFloor.M_Building02_TopFloor","0","21","21","1","8.527130","0","0"
"/Game/Cyberpunk_NightClub/Materials/Material_Ceiling06.Material_Ceiling06","0","21","21","1","9.270519","0","0"
"/Game/SteamPunkEnvironment01/Materials/M_Building02_CylindricalRoom.M_Building02_CylindricalRoom","0","21","21","1","7.760169","0","0"
"/Game/Cyberpunk_NightClub/Materials/Material_Delimitation01.Material_Delimitation01","0","21","21","1","7.730534","0","0"
"/Game/SteamPunkEnvironment01/Materials/M_SteamPunkVehicle01Mat01.M_SteamPunkVehicle01Mat01","0","21","21","1","7.879204","0","0"
"/Game/StarterContent/Materials/M_Wood_Walnut.M_Wood_Walnut","0","21","21","1","8.369106","0","0"
"/Game/AmplifyAnimationPack/Materials/DemoScene/M_Water.M_Water","0","48","50","1","40.898094","0","0"
"/Game/SteamPunkEnvironment01/Materials/M_StreetProps_Mat01.M_StreetProps_Mat01","0","21","21","1","7.939229","0","0"
"/Game/Madeline/Material/M_Floor_Tiles.M_Floor_Tiles","0","21","21","1","8.999298","0","0"
"/Game/The_Rally_Point/Material/M_Planter_01.M_Planter_01","0","21","21","1","7.468826","0","0"
"/Game/The_Rally_Point/Material/M_Bay_Window_Monument_01.M_Bay_Window_Monument_01","0","44","46","1","28.233009","44","46"
"/Game/SteamPunkEnvironment01/Materials/M_Gears_StorageTanks.M_Gears_StorageTanks","0","21","21","1","8.854409","0","0"
"/Game/WeaponPack/Models/Uzi/MA.MA","0","36","36","1","9.946033","0","0"
"/Game/Madeline/Material/M_Beige_Marble.M_Beige_Marble","0","21","21","1","8.130199","0","0"
"/Game/SteamPunkEnvironment01/Materials/M_Building03_GlassRoom.M_Building03_GlassRoom","0","21","21","1","8.571651","0","0"
"/Game/KingArthur/Materials/MM_PointLight.MM_PointLight","0","17","17","1","2.914203","0","0"
"/Game/Cyberpunk_NightClub/Materials/Material_Ceiling05.Material_Ceiling05","0","21","21","1","8.407171","0","0"
"/Game/Cyberpunk_NightClub/Materials/Material_Decoration02.Material_Decoration02","0","21","21","1","7.907214","0","0"
"/Game/The_Rally_Point/Material/M_Museum_Roof_01.M_Museum_Roof_01","0","21","21","1","7.667916","0","0"
"/Game/MilitaryWeapDark/FX/Materials/M_AssaultRifle_MuzzleFlash_4x1.M_AssaultRifle_MuzzleFlash_4x1","0","32","32","1","8.710988","0","0"
"/Game/StarterContent/Particles/Materials/M_radial_ramp.M_radial_ramp","0","32","32","1","7.511296","0","0"
"/Game/StarterContent/Particles/Materials/M_Burst.M_Burst","0","30","30","1","7.058249","0","0"
"/Game/Cyberpunk_NightClub/Materials/Material_Wall08.Material_Wall08","0","21","21","1","7.763025","0","0"
